cell_id,number of filtered gene,number of corrected UMI,UMI A percentage,UMI T percentage,UMI G percentage,UMI C percentage
P23,0,0,0,0,0,0,
P21,0,1042,0,0,0,0,
P20,0,602,0,0,0,0,
P19,0,323,0,0,0,0,
P17,0,260,0,0,0,0,
P16,0,695,0,0,0,0,
P15,0,540,0,0,0,0,
P11,0,469,0,0,0,0,
P9,0,590,0,0,0,0,
P6,0,884,0,0,0,0,
P4,0,62,0,0,0,0,
P3,0,570,0,0,0,0,
O23,0,230,0,0,0,0,
O21,0,868,0,0,0,0,
O16,0,357,0,0,0,0,
O15,0,286,0,0,0,0,
O13,0,162,0,0,0,0,
O12,0,221,0,0,0,0,
O11,0,439,0,0,0,0,
O10,0,347,0,0,0,0,
O9,0,253,0,0,0,0,
O5,0,266,0,0,0,0,
O19,0,230,0,0,0,0,
O3,0,514,0,0,0,0,
O1,0,767,0,0,0,0,
N24,0,569,0,0,0,0,
N23,0,628,0,0,0,0,
N21,0,724,0,0,0,0,
P1,0,0,0,0,0,0,
N20,0,351,0,0,0,0,
N18,0,609,0,0,0,0,
N17,0,833,0,0,0,0,
N16,0,1031,0,0,0,0,
N15,0,947,0,0,0,0,
N13,0,619,0,0,0,0,
N10,0,860,0,0,0,0,
N9,0,805,0,0,0,0,
N7,0,488,0,0,0,0,
N4,0,514,0,0,0,0,
N1,0,1928,0,0,0,0,
M23,0,710,0,0,0,0,
M18,0,1508,0,0,0,0,
M16,0,1182,0,0,0,0,
M13,0,639,0,0,0,0,
M10,0,689,0,0,0,0,
P13,0,258,0,0,0,0,
M9,0,1118,0,0,0,0,
M8,0,655,0,0,0,0,
M6,0,843,0,0,0,0,
M5,0,405,0,0,0,0,
M3,0,235,0,0,0,0,
M1,0,1287,0,0,0,0,
L24,0,419,0,0,0,0,
L21,0,722,0,0,0,0,
L20,0,832,0,0,0,0,
L19,0,533,0,0,0,0,
L18,0,564,0,0,0,0,
M20,0,570,0,0,0,0,
L17,0,452,0,0,0,0,
L16,0,621,0,0,0,0,
P7,0,562,0,0,0,0,
L15,0,806,0,0,0,0,
L14,0,363,0,0,0,0,
L13,0,823,0,0,0,0,
L10,0,939,0,0,0,0,
L9,0,726,0,0,0,0,
L8,0,1437,0,0,0,0,
L7,0,463,0,0,0,0,
M24,0,970,0,0,0,0,
L6,0,979,0,0,0,0,
L5,0,730,0,0,0,0,
L3,0,490,0,0,0,0,
K22,0,740,0,0,0,0,
K16,0,779,0,0,0,0,
K12,0,438,0,0,0,0,
K11,0,419,0,0,0,0,
O8,0,505,0,0,0,0,
O7,0,320,0,0,0,0,
K10,0,797,0,0,0,0,
K19,0,569,0,0,0,0,
K9,0,686,0,0,0,0,
K8,0,338,0,0,0,0,
K7,0,429,0,0,0,0,
P2,0,0,0,0,0,0,
K6,0,1786,0,0,0,0,
P10,0,516,0,0,0,0,
K5,0,179,0,0,0,0,
K4,0,303,0,0,0,0,
K1,0,2133,0,0,0,0,
J23,0,997,0,0,0,0,
J22,0,513,0,0,0,0,
J20,0,231,0,0,0,0,
O20,0,259,0,0,0,0,
J15,0,757,0,0,0,0,
J13,0,649,0,0,0,0,
J10,0,463,0,0,0,0,
J9,0,365,0,0,0,0,
J8,0,333,0,0,0,0,
J7,0,290,0,0,0,0,
N14,0,1268,0,0,0,0,
J2,0,163,0,0,0,0,
J1,0,1003,0,0,0,0,
I24,0,925,0,0,0,0,
I23,0,563,0,0,0,0,
I21,0,640,0,0,0,0,
I19,0,660,0,0,0,0,
I17,0,205,0,0,0,0,
I14,0,357,0,0,0,0,
K18,0,728,0,0,0,0,
I13,0,2328,0,0,0,0,
I12,0,188,0,0,0,0,
P5,0,732,0,0,0,0,
I22,0,277,0,0,0,0,
I11,0,780,0,0,0,0,
K15,0,610,0,0,0,0,
I10,0,307,0,0,0,0,
M15,0,1519,0,0,0,0,
K17,0,1193,0,0,0,0,
I9,0,342,0,0,0,0,
J6,0,382,0,0,0,0,
I8,0,273,0,0,0,0,
I7,0,630,0,0,0,0,
J24,0,705,0,0,0,0,
F20,0,625,0,0,0,0,
A20,0,591,0,0,0,0,
D20,0,674,0,0,0,0,
J18,0,949,0,0,0,0,
G9,0,475,0,0,0,0,
D19,0,483,0,0,0,0,
N12,0,1044,0,0,0,0,
F2,0,395,0,0,0,0,
K21,0,647,0,0,0,0,
D22,0,964,0,0,0,0,
D15,0,842,0,0,0,0,
D12,0,779,0,0,0,0,
D8,0,950,0,0,0,0,
A2,0,0,0,0,0,0,
D6,0,769,0,0,0,0,
A1,0,0,0,0,0,0,
K2,0,624,0,0,0,0,
D1,0,2861,0,0,0,0,
B24,0,388,0,0,0,0,
H8,0,297,0,0,0,0,
D10,0,640,0,0,0,0,
N5,0,396,0,0,0,0,
M12,0,585,0,0,0,0,
L23,0,446,0,0,0,0,
C19,0,1501,0,0,0,0,
C17,0,1063,0,0,0,0,
O2,0,260,0,0,0,0,
N3,0,1088,0,0,0,0,
M4,0,1167,0,0,0,0,
K14,0,384,0,0,0,0,
C20,0,1765,0,0,0,0,
K3,0,505,0,0,0,0,
C15,0,1051,0,0,0,0,
M7,0,459,0,0,0,0,
C13,0,428,0,0,0,0,
C11,0,737,0,0,0,0,
C6,0,905,0,0,0,0,
D7,0,1086,0,0,0,0,
D13,0,1032,0,0,0,0,
G11,0,401,0,0,0,0,
D3,0,495,0,0,0,0,
O6,0,369,0,0,0,0,
E6,0,845,0,0,0,0,
A23,0,109,0,0,0,0,
B2,0,222,0,0,0,0,
C10,0,784,0,0,0,0,
C4,0,1157,0,0,0,0,
B10,0,138,0,0,0,0,
C3,0,1329,0,0,0,0,
G10,0,311,0,0,0,0,
C14,0,692,0,0,0,0,
L12,0,486,0,0,0,0,
F18,0,591,0,0,0,0,
G24,0,245,0,0,0,0,
B23,0,232,0,0,0,0,
A22,0,527,0,0,0,0,
A21,0,171,0,0,0,0,
B13,0,244,0,0,0,0,
A17,0,197,0,0,0,0,
A18,0,571,0,0,0,0,
M22,0,833,0,0,0,0,
A13,0,106,0,0,0,0,
O18,0,538,0,0,0,0,
M2,0,678,0,0,0,0,
G23,0,209,0,0,0,0,
C21,0,577,0,0,0,0,
B9,0,376,0,0,0,0,
A5,0,663,0,0,0,0,
D2,0,661,0,0,0,0,
B5,0,384,0,0,0,0,
J19,0,733,0,0,0,0,
F22,0,460,0,0,0,0,
D5,0,1103,0,0,0,0,
B19,0,500,0,0,0,0,
L4,0,381,0,0,0,0,
D11,0,593,0,0,0,0,
B11,0,305,0,0,0,0,
C9,0,794,0,0,0,0,
I4,0,997,0,0,0,0,
O14,0,217,0,0,0,0,
J17,0,262,0,0,0,0,
B17,0,519,0,0,0,0,
F16,0,739,0,0,0,0,
N2,0,332,0,0,0,0,
J5,0,539,0,0,0,0,
A14,0,465,0,0,0,0,
K13,0,864,0,0,0,0,
E8,0,927,0,0,0,0,
P18,0,404,0,0,0,0,
G4,0,176,0,0,0,0,
K24,0,972,0,0,0,0,
D23,0,566,0,0,0,0,
B12,0,81,0,0,0,0,
B18,0,182,0,0,0,0,
F21,0,1013,0,0,0,0,
G15,0,754,0,0,0,0,
B15,0,212,0,0,0,0,
F7,0,925,0,0,0,0,
A12,0,442,0,0,0,0,
M21,0,665,0,0,0,0,
A4,0,1122,0,0,0,0,
M11,0,400,0,0,0,0,
C7,0,1141,0,0,0,0,
M14,0,2497,0,0,0,0,
H20,0,385,0,0,0,0,
A3,0,551,0,0,0,0,
K20,0,1474,0,0,0,0,
G7,0,1045,0,0,0,0,
I20,0,430,0,0,0,0,
C1,0,2395,0,0,0,0,
H4,0,603,0,0,0,0,
B7,0,225,0,0,0,0,
D16,0,928,0,0,0,0,
C23,0,868,0,0,0,0,
J4,0,766,0,0,0,0,
G2,0,244,0,0,0,0,
G21,0,639,0,0,0,0,
C2,0,1209,0,0,0,0,
P22,0,40,0,0,0,0,
P14,0,305,0,0,0,0,
B20,0,266,0,0,0,0,
C8,0,1202,0,0,0,0,
A6,0,638,0,0,0,0,
F15,0,1035,0,0,0,0,
G13,0,385,0,0,0,0,
G12,0,394,0,0,0,0,
J21,0,447,0,0,0,0,
J14,0,571,0,0,0,0,
C12,0,1373,0,0,0,0,
A8,0,716,0,0,0,0,
M17,0,461,0,0,0,0,
G18,0,608,0,0,0,0,
D17,0,716,0,0,0,0,
A15,0,133,0,0,0,0,
A9,0,174,0,0,0,0,
A24,0,82,0,0,0,0,
C22,0,564,0,0,0,0,
H24,0,356,0,0,0,0,
L2,0,747,0,0,0,0,
B16,0,90,0,0,0,0,
B1,0,886,0,0,0,0,
N19,0,729,0,0,0,0,
G14,0,877,0,0,0,0,
H15,0,566,0,0,0,0,
N11,0,995,0,0,0,0,
A7,0,291,0,0,0,0,
A11,0,426,0,0,0,0,
D14,0,530,0,0,0,0,
B8,0,154,0,0,0,0,
G16,0,1038,0,0,0,0,
C24,0,1518,0,0,0,0,
B22,0,379,0,0,0,0,
B6,0,11,0,0,0,0,
B14,0,105,0,0,0,0,
B4,0,385,0,0,0,0,
E1,0,1376,0,0,0,0,
E3,0,756,0,0,0,0,
I15,0,400,0,0,0,0,
H3,0,226,0,0,0,0,
I16,0,424,0,0,0,0,
E5,0,805,0,0,0,0,
O22,0,456,0,0,0,0,
F8,0,641,0,0,0,0,
E7,0,1095,0,0,0,0,
E9,0,919,0,0,0,0,
L1,0,1221,0,0,0,0,
E10,0,1012,0,0,0,0,
A16,0,474,0,0,0,0,
G22,0,857,0,0,0,0,
G3,0,1,0,0,0,0,
A19,0,315,0,0,0,0,
E12,0,849,0,0,0,0,
J12,0,459,0,0,0,0,
I18,0,1284,0,0,0,0,
D4,0,921,0,0,0,0,
E13,0,1442,0,0,0,0,
E14,0,726,0,0,0,0,
E15,0,1950,0,0,0,0,
E16,0,751,0,0,0,0,
E17,0,635,0,0,0,0,
J16,0,671,0,0,0,0,
H16,0,666,0,0,0,0,
E18,0,1632,0,0,0,0,
E19,0,1363,0,0,0,0,
O17,0,351,0,0,0,0,
B3,0,400,0,0,0,0,
F24,0,689,0,0,0,0,
H17,0,414,0,0,0,0,
E20,0,506,0,0,0,0,
E21,0,1490,0,0,0,0,
D24,0,353,0,0,0,0,
F10,0,899,0,0,0,0,
P12,0,425,0,0,0,0,
N6,0,474,0,0,0,0,
E22,0,1150,0,0,0,0,
B21,0,259,0,0,0,0,
E23,0,859,0,0,0,0,
F1,0,2397,0,0,0,0,
D21,0,1373,0,0,0,0,
F12,0,669,0,0,0,0,
F4,0,826,0,0,0,0,
F5,0,1142,0,0,0,0,
F6,0,565,0,0,0,0,
D18,0,751,0,0,0,0,
I5,0,439,0,0,0,0,
F11,0,966,0,0,0,0,
H18,0,188,0,0,0,0,
H1,0,466,0,0,0,0,
N8,0,431,0,0,0,0,
F13,0,891,0,0,0,0,
J3,0,774,0,0,0,0,
F17,0,1070,0,0,0,0,
F19,0,1541,0,0,0,0,
H10,0,466,0,0,0,0,
G1,0,644,0,0,0,0,
J11,0,493,0,0,0,0,
E4,0,1057,0,0,0,0,
G5,0,0,0,0,0,0,
F9,0,660,0,0,0,0,
G6,0,637,0,0,0,0,
E11,0,1072,0,0,0,0,
G8,0,301,0,0,0,0,
L11,0,933,0,0,0,0,
G17,0,514,0,0,0,0,
G19,0,619,0,0,0,0,
P8,0,373,0,0,0,0,
G20,0,480,0,0,0,0,
A10,0,442,0,0,0,0,
H2,0,154,0,0,0,0,
H6,0,234,0,0,0,0,
H7,0,151,0,0,0,0,
H9,0,281,0,0,0,0,
P24,0,0,0,0,0,0,
E2,0,920,0,0,0,0,
H11,0,272,0,0,0,0,
C18,0,655,0,0,0,0,
I3,0,237,0,0,0,0,
H12,0,973,0,0,0,0,
O24,0,703,0,0,0,0,
F3,0,659,0,0,0,0,
H13,0,368,0,0,0,0,
N22,0,566,0,0,0,0,
F14,0,569,0,0,0,0,
F23,0,689,0,0,0,0,
H14,0,317,0,0,0,0,
D9,0,563,0,0,0,0,
C16,0,892,0,0,0,0,
E24,0,973,0,0,0,0,
H19,0,139,0,0,0,0,
O4,0,867,0,0,0,0,
H21,0,660,0,0,0,0,
H22,0,647,0,0,0,0,
L22,0,507,0,0,0,0,
K23,0,653,0,0,0,0,
H23,0,567,0,0,0,0,
I1,0,597,0,0,0,0,
C5,0,13,0,0,0,0,
H5,0,340,0,0,0,0,
I2,0,582,0,0,0,0,
I6,0,152,0,0,0,0,
